{"cameraMode":{"drawMode":0,"name":"Shaded","section":"Shading Mode"},"sceneLighting":true,"audioPlay":false,"sceneViewState":{"m_AlwaysRefresh":false,"showFog":true,"showSkybox":true,"showFlares":true,"showImageEffects":true,"showParticleSystems":true,"showVisualEffectGraphs":true,"m_FxEnabled":true},"in2DMode":false,"pivot":{"x":1.6370216608047486,"y":0.2049269676208496,"z":-2.7200927734375},"rotation":{"x":-0.10004257410764694,"y":0.0017890677554532886,"z":-0.00017735522123984993,"w":-0.9949890971183777},"size":10.615120887756348,"orthographic":false}